url	first_seen	portal	title	company	status
https://job-boards.greenhouse.io/hs/jobs/7206201	2026-10-01	Greenhouse — Flutter Developer	Software Engineer, Flutter	Headspace	added
https://job-boards.greenhouse.io/roadie/jobs/8500982002	2026-10-01	Greenhouse — Flutter Developer	Mobile Engineer, Flutter	Roadie	added
https://job-boards.greenhouse.io/canonicaljobs/jobs/7131511	2026-10-01	Greenhouse — Flutter Developer	Web Frontend Engineer - JS, CSS, React, Flutter	Canonical	added
https://job-boards.greenhouse.io/contractorspool/jobs/7857999	2026-10-01	Greenhouse — Flutter Developer	Senior Flutter Developer [Contractor - Talent Pool]	ArcTouch	added
https://job-boards.greenhouse.io/tide/jobs/7815727003	2026-10-01	Greenhouse — Flutter Developer	Senior Software Engineer, Flutter	Tide	added
https://job-boards.greenhouse.io/tide/jobs/6292647003	2026-10-01	Greenhouse — Flutter Developer	Senior Engineer, Flutter	Tide	added
https://job-boards.greenhouse.io/grafanalabs/jobs/6206214004	2026-10-01	Greenhouse — Flutter Developer	Senior Mobile Engineer - Instrumentation SDK (iOS)	Grafana Labs	added
https://job-boards.greenhouse.io/canonical/jobs/5211861	2026-10-01	Greenhouse — Flutter Developer	Software Engineering Director	Canonical	added
https://job-boards.greenhouse.io/talkdesk2/jobs/8155890	2026-10-01	Greenhouse — Flutter Developer	Senior Software Engineer I - Mobile Developer	Talkdesk	added
https://job-boards.greenhouse.io/okx/jobs/7777032003	2026-10-01	Greenhouse — Flutter Developer	Senior Staff Software Engineer, Mobile Infrastructure	OKX	added
https://jobs.ashbyhq.com/yadda/c7d1a5f8-f65e-4747-bc3d-db827de866e1	2026-10-01	Ashby — Flutter Developer	Flutter Developer	Yadda	added
https://jobs.ashbyhq.com/truelogic/8962dd54-de7e-4527-97bc-cecc6d5a615b	2026-10-01	Ashby — Flutter Developer	Senior Mobile Flutter Engineer	Truelogic	added
https://jobs.ashbyhq.com/flutterflow/a45343e4-ba41-4a6d-817c-897cc9ecfdb5	2026-10-01	Ashby — Flutter Developer	Software Engineer - Future Openings	FlutterFlow	added
https://jobs.ashbyhq.com/labhouse/65c332e0-33ae-443d-be5e-ba1516f0370d	2026-10-01	Ashby — Flutter Developer	Flutter Developer	LABHOUSE	added
https://jobs.ashbyhq.com/labhouse/9c7d5cea-2f3c-46ee-b289-a2dbad8f3a8d	2026-10-01	Ashby — Flutter Developer	Lead Flutter Developer	LABHOUSE	added
https://jobs.ashbyhq.com/hudu/30022059-d2c1-4427-8cd0-17cd628140c8	2026-10-01	Ashby — Flutter Developer	Flutter Engineer	Hudu	added
https://jobs.ashbyhq.com/everis/11609271-e3db-4894-a003-2f3cbd067878	2026-10-01	Ashby — Flutter Developer	Full-Stack Software Engineer, Growth	Everis	added
https://jobs.lever.co/jobgether/11deaec7-db5f-41bb-ada0-40f4f354f400	2026-10-01	Lever — Flutter Developer	Sr. Mobile Developer - REMOTE	Jobgether	added
https://jobs.lever.co/jobgether/5e16fc1d-03e7-4a73-831e-bc95eede5115	2026-10-01	Lever — Flutter Developer	Senior Mobile Engineer (Flutter)	Jobgether	added
https://jobs.lever.co/xagroup/9d5cde69-cc9b-4e1e-a5d4-b1593b2ec427	2026-10-01	Lever — Flutter Developer	Flutter Developer	Xpress Automation	added
https://jobs.lever.co/idt/a509ca9e-1af6-4f26-bb34-5c258bd69665	2026-10-01	Lever — Flutter Developer	Senior Flutter Software Engineer (Anti-Fraud team)	IDT	added
https://jobs.lever.co/jobgether/74771a03-4953-4081-b47e-cd4e27bdb16d	2026-10-01	Lever — Flutter Developer	Senior Mobile Developer (Flutter)	Jobgether	added
https://jobs.lever.co/scale3c/91494656-d57c-4cf3-a173-c427cb54cde2	2026-10-01	Lever — Flutter Developer	Senior Flutter Developer (Full Remote)	ScaleTech	added
https://jobs.lever.co/commencis/7ae363d1-db06-4ed1-bc2b-2b23ffc30412	2026-10-01	Lever — Flutter Developer	Flutter Engineer	Commencis	added
https://jobs.lever.co/remedyproductstudio/68a8aa3c-3e62-4d6c-88cd-54b278a92fbd	2026-10-01	Lever — Flutter Developer	Mobile Engineer (Flutter)	Remedy Product Studio	added
https://job-boards.greenhouse.io/inthepocket/jobs/7139507	2026-10-01	Greenhouse — Mobile Engineer	Mobile Engineer (Flutter)	In The Pocket	added
https://job-boards.greenhouse.io/eltropyinc/jobs/4288310009	2026-10-01	Greenhouse — Mobile Engineer	Senior Mobile Developer (Remote)	Eltropy	added
https://job-boards.greenhouse.io/springhealth66/jobs/4727964005	2026-10-01	Greenhouse — Mobile Engineer	Staff Software Engineer I, Mobile	Spring Health	added
https://job-boards.greenhouse.io/twinhealth/jobs/5669318004	2026-10-01	Greenhouse — Mobile Engineer	Senior Software Engineer, Mobile	Twin Health	added
https://job-boards.greenhouse.io/assetwatch/jobs/4716371005	2026-10-01	Greenhouse — Mobile Engineer	Senior Mobile Engineer	AssetWatch	added
https://jobs.ashbyhq.com/glomo/39498f1a-a5e6-49d3-92e4-5334e462f8fb	2026-10-01	Ashby — Mobile Engineer	Mobile Engineer - Frontend	Glomopay	added
https://jobs.ashbyhq.com/sekai/a254fef6-ad7a-4cf4-853d-79b207259f18	2026-10-01	Ashby — Mobile Engineer	Mobile Engineer - React Native	Sekai	added
https://jobs.ashbyhq.com/g2i/93a1bf14-7d13-47f5-81f5-52e0dbbc7bfe	2026-10-01	Ashby — Mobile Engineer	Founding Mobile Engineer (React Native / iOS)	G2i	added
https://builtin.com/job/staff-engineer-mobile-flutter/3427809	2026-10-01	Ashby — Mobile Engineer	Staff Engineer, Mobile Flutter	Unknown	added
https://job-boards.greenhouse.io/awin/jobs/6649458003	2026-10-01	Ashby — Mobile Engineer	Flutter Engineer	Awin	added
https://career.habr.com/vacancies/1000065213	2026-10-01	Ashby — Mobile Engineer	Dart / Flutter Engineer (remote)	Unknown	added
https://remote4africa.com/jobs/mobile-engineer-flutter-remote-nigeria-based	2026-10-01	African Tech — Flutter/Mobile	Remote Mobile Engineer (Flutter) - Nigeria-Based	Unknown	added
https://remote4africa.com/jobs/senior-flutter-mobile-engineer	2026-10-01	African Tech — Flutter/Mobile	Senior Flutter Mobile Engineer (Hybrid)	Unknown	added
https://wellfound.com/jobs/1743986-senior-mobile-flutter-engineer	2026-10-01	Wellfound — Flutter Mobile	Senior Mobile (Flutter) Engineer	Blankfactor	added
https://wellfound.com/jobs/1113513-flutter-mobile-engineer-to-transform-healthcare-globally	2026-10-01	Wellfound — Flutter Mobile	Flutter Mobile Engineer	Healum	added
https://wellfound.com/jobs/4040807-mobile-developer-flutter	2026-10-01	Wellfound — Flutter Mobile	Mobile App Developer (Flutter)	Phictly	added
https://wellfound.com/jobs/2042818-flutter-developer	2026-10-01	Wellfound — Flutter Mobile	Flutter Developer	Lepaya	added
https://startup.jobs/flutter-engineer-ii-us-very-good-ventures-3734935	2026-10-01	Flutter Agencies	Flutter Engineer II - U.S.	Very Good Ventures	added
https://jobs.lever.co/wisecode/c47a83ef-879d-475f-8447-3b7abdf67cd1	2026-10-01	Lever — Mobile Engineer	Senior Mobile Developer	WISEcode	added
https://jobs.lever.co/jobgether/d8e33eb8-9d94-4182-9d9b-223e9c44510b	2026-10-01	Lever — Mobile Engineer	Senior Mobile Flutter Engineer	Jobgether	added
https://jobs.lever.co/jobgether/a7bdd951-d68a-4de2-a449-a67c0a073a7a	2026-10-01	Lever — Mobile Engineer	Senior Flutter Developer (Cupid Media)	Jobgether	added
https://apply.workable.com/weekday-1/j/70A1E7EA17	2026-10-01	Workable — Flutter	Frontend Developer (Flutter)	Weekday AI	added
https://apply.workable.com/innovationteam/j/8AD4C184DD	2026-10-01	Workable — Flutter	Flutter Mobile Developer	InnovationTeam	added
https://apply.workable.com/adree/j/089D2DAF05	2026-10-01	Workable — Flutter	Flutter Developer	Adree	added
https://apply.workable.com/codeninjapk/j/5DDECC4D26	2026-10-01	Workable — Flutter	Full Stack Flutter Developer	CodeNinja	added
https://apply.workable.com/pavago/j/877CE3D6C5	2026-10-01	Workable — Flutter	Mobile App Developer - iOS/Android	Pavago	added
https://apply.workable.com/homey/j/D82662A081/	2026-10-01	Workable — Flutter	Software Engineer - Mobile	Homey	added
https://apply.workable.com/xcellink/j/CBB6C84D4F/	2026-10-01	Workable — Flutter	Flutter Developer	Xcellink	added
https://apply.workable.com/pavago/j/F12B5F0F66	2026-10-01	Workable — Flutter	Mobile App Developer	Pavago	added
https://apply.workable.com/pulse-labs/j/294A11D694/	2026-10-01	Workable — Flutter	Senior Mobile Software Engineer	Pulse Labs AI	added
https://apply.workable.com/freedomfinanceeu/j/110D0F0106	2026-10-01	Workable — Flutter	Senior Mobile App Engineer (Android)	Freedom24	added
https://jobs.lever.co/jobgether/c527eb40-e094-489c-828e-c0859bf84c54	2026-10-01	Lever — Flutter Developer	Remote Software Developer	Jobgether	skipped_title
https://job-boards.greenhouse.io/wildlifestudios/jobs/8624774002	2026-10-01	Greenhouse — Mobile Engineer	Senior Backend Engineer	Wildlife Studios	skipped_title
https://wellfound.com/jobs/3092956-flutter-developer-intern-remote	2026-10-01	Wellfound — Flutter Mobile	Flutter Developer Intern (Remote)	WhatBytes	skipped_title
https://jobs.ashbyhq.com/Clera/491f57bc-7261-425d-9bc4-af3365b15b01	2026-10-01	Ashby — Flutter Developer	Mobile Platform Engineer	Clera	skipped_title
https://wellfound.com/jobs/4612258-mobile-flutter-developer-volunteer-role-at-social-impact-startup-clone	2026-10-01	Wellfound — Flutter Mobile	Mobile Flutter Developer (Volunteer)	LifeBonder	skipped_title
https://job-boards.greenhouse.io/roadie/jobs/8500982002	2026-10-01	Greenhouse — Mobile Engineer	Mobile Engineer, Flutter	Roadie	skipped_dup
https://job-boards.greenhouse.io/talkdesk2/jobs/8155890	2026-10-01	Greenhouse — Mobile Engineer	Senior Software Engineer I - Mobile Developer	Talkdesk	skipped_dup
https://job-boards.greenhouse.io/grafanalabs/jobs/6206214004	2026-10-01	Greenhouse — Mobile Engineer	Senior Mobile Engineer - Instrumentation SDK (iOS)	Grafana Labs	skipped_dup
https://jobs.ashbyhq.com/yadda/c7d1a5f8-f65e-4747-bc3d-db827de866e1	2026-10-01	Ashby — Mobile Engineer	Flutter Developer	Yadda	skipped_dup
https://jobs.ashbyhq.com/everis/11609271-e3db-4894-a003-2f3cbd067878	2026-10-01	Ashby — Mobile Engineer	Full-Stack Software Engineer, Growth	Everis	skipped_dup
https://jobs.lever.co/jobgether/74771a03-4953-4081-b47e-cd4e27bdb16d	2026-10-01	Lever — Mobile Engineer	Senior Mobile Developer (Flutter)	Jobgether	skipped_dup
https://jobs.lever.co/jobgether/5e16fc1d-03e7-4a73-831e-bc95eede5115	2026-10-01	Lever — Mobile Engineer	Senior Mobile Engineer (Flutter)	Jobgether	skipped_dup
https://jobs.lever.co/remedyproductstudio/68a8aa3c-3e62-4d6c-88cd-54b278a92fbd	2026-10-01	Lever — Mobile Engineer	Mobile Engineer (Flutter)	Remedy Product Studio	skipped_dup
https://jobs.lever.co/jobgether/c527eb40-e094-489c-828e-c0859bf84c54	2026-10-01	Lever — Mobile Engineer	Remote Software Developer	Jobgether	skipped_dup
https://jobs.lever.co/jobgether/11deaec7-db5f-41bb-ada0-40f4f354f400	2026-10-01	Lever — Mobile Engineer	Sr. Mobile Developer - REMOTE	Jobgether	skipped_dup
https://jobs.lever.co/scale3c/91494656-d57c-4cf3-a173-c427cb54cde2	2026-10-01	Lever — Mobile Engineer	Senior Flutter Developer (Full Remote)	ScaleTech	skipped_dup
